ID,node,0,1,2,3,4,5,6,7,8,9,10,11,12,13,14,15,16,17,18
5,4186,1,0,1,0,0,0,0,0,0,0,0,0,0,0,0,0,0,1,0
12,4318,1,0,1,0,0,0,0,0,0,0,0,0,1,0,0,0,0,1,0
19,4290,1,0,1,0,0,0,0,0,0,0,0,0,1,0,0,1,0,1,1
20,4323,1,0,1,0,0,0,0,0,0,0,0,0,1,0,0,0,0,1,0
30,4315,1,0,1,0,0,0,0,0,0,0,0,0,1,0,0,0,0,1,0
34,10600,1,0,1,0,0,0,0,0,0,0,0,0,1,0,0,1,0,1,1
49,4432,1,0,1,0,0,0,0,0,0,0,0,0,0,0,0,0,0,1,0
54,4396,1,0,1,0,0,0,0,0,0,0,0,0,0,0,0,0,0,1,0
56,10828,1,1,1,0,0,0,0,0,0,0,0,0,1,0,0,1,0,1,0
63,4584,1,0,1,0,0,0,0,0,0,0,0,0,1,0,0,0,0,1,0
67,4553,1,0,1,0,0,0,0,0,0,0,0,0,1,0,0,0,0,1,0
69,10451,1,1,1,0,0,0,0,0,0,0,0,0,1,1,0,1,0,1,1
75,11321,1,1,1,1,0,1,0,1,1,1,0,0,1,1,1,1,1,1,1
81,10487,1,1,1,0,0,0,0,0,0,0,0,0,1,0,0,1,0,1,1
81,10487,1,1,1,0,0,0,0,0,0,0,0,0,1,0,0,1,0,1,1
83,11265,1,1,1,1,0,0,0,1,0,1,0,0,1,1,1,1,1,1,1
89,4541,1,0,1,0,0,0,0,0,0,0,0,0,1,0,0,0,0,1,0
102,10949,1,1,1,0,0,0,0,0,0,0,0,0,1,0,0,1,0,1,1
102,10949,1,1,1,0,0,0,0,0,0,0,0,0,1,0,0,1,0,1,1
114,10813,1,1,1,0,0,0,0,0,0,0,0,0,1,0,0,1,0,1,0
117,12335,0,1,1,1,1,1,1,1,1,1,0,1,1,1,1,1,1,1,1
117,12335,0,1,1,1,1,1,1,1,1,1,0,1,1,1,1,1,1,1,1
131,10944,1,1,1,0,0,0,0,0,0,0,0,0,1,0,0,1,0,1,0
132,10485,1,1,1,1,0,1,0,1,1,1,0,0,1,1,1,1,1,1,1
134,10932,1,1,1,0,0,0,0,0,0,0,0,0,1,0,0,1,0,1,0
136,12356,0,1,0,1,1,1,1,1,1,1,0,1,0,1,1,1,1,1,1
137,12356,0,1,0,1,1,1,1,1,1,1,0,1,0,1,1,1,1,1,1
139,10428,1,1,1,0,0,0,0,0,0,0,0,0,1,1,0,1,0,1,1
140,4600,1,1,1,0,0,0,0,0,0,0,0,0,1,0,0,0,0,1,0
142,10300,0,1,1,1,1,1,1,1,1,1,0,0,1,1,1,1,1,1,1
145,10477,1,1,1,1,0,1,0,1,1,1,0,0,1,1,1,1,1,1,1
145,10477,1,1,1,1,0,1,0,1,1,1,0,0,1,1,1,1,1,1,1
146,11369,0,1,1,1,1,1,1,1,1,1,0,0,1,1,1,1,1,1,1
147,12354,0,1,1,1,1,1,1,1,1,1,0,1,1,1,1,1,1,1,1
154,10195,0,1,1,1,1,1,1,1,1,1,0,1,1,1,1,1,1,1,1
155,12394,0,1,1,1,1,1,1,1,1,1,0,1,1,1,1,1,1,1,1
163,4624,1,0,1,0,0,0,0,0,0,0,0,0,1,0,0,0,0,1,0
164,10940,1,1,1,0,0,0,0,0,0,0,0,0,1,0,0,1,0,1,0
164,10940,1,1,1,0,0,0,0,0,0,0,0,0,1,0,0,1,0,1,0
167,12216,0,1,1,1,1,1,1,1,1,1,0,1,0,1,1,1,1,1,0
169,12213,0,1,1,1,1,1,1,1,1,1,0,1,1,1,1,1,1,1,1
176,11503,1,1,1,1,0,1,0,1,1,1,0,0,1,1,1,1,1,1,1
178,4661,1,1,1,0,0,0,0,0,0,0,0,0,1,0,0,0,0,1,0
178,4661,1,1,1,0,0,0,0,0,0,0,0,0,1,0,0,0,0,1,0
179,4661,1,1,1,0,0,0,0,0,0,0,0,0,1,0,0,0,0,1,0
181,11498,0,1,1,1,0,1,1,1,1,1,0,0,1,1,1,1,1,1,1
182,10958,1,1,1,0,0,0,0,0,0,0,0,0,1,0,0,1,0,1,0
183,11426,1,1,1,1,0,0,0,0,0,0,0,0,1,1,1,1,0,1,0
184,10984,1,1,1,0,0,0,0,0,0,0,0,0,1,0,0,1,0,1,0
209,11500,0,1,1,1,0,1,1,1,1,1,0,0,1,1,1,1,1,1,0
214,11385,1,1,1,1,0,1,0,1,0,1,0,0,1,1,1,1,0,1,1
216,10787,1,1,1,0,0,0,0,0,0,0,0,0,1,0,0,1,0,1,0
217,11390,1,1,1,1,0,0,0,0,0,0,0,0,1,0,1,1,0,1,0
224,10279,0,1,1,1,1,1,1,1,1,1,0,1,1,1,1,1,1,1,0
226,10434,1,1,1,0,0,0,0,0,0,0,0,0,1,0,0,1,0,1,0
228,10775,1,1,1,0,0,0,0,0,0,0,0,0,1,0,0,1,0,1,0
233,11489,0,1,1,1,0,1,1,1,1,1,0,0,1,1,1,1,0,1,0
239,11417,1,1,1,1,0,0,0,0,0,0,0,0,1,1,1,1,0,1,0
242,10896,1,1,1,0,0,0,0,0,0,0,0,0,1,0,0,0,0,1,0
257,11030,1,1,1,0,0,0,0,0,0,0,0,0,1,0,0,1,0,1,0
259,12692,0,1,0,1,1,1,1,1,1,1,0,1,0,1,1,1,1,1,0
260,11518,0,1,1,1,0,1,1,1,1,1,0,1,1,1,1,1,0,1,0
260,11518,0,1,1,1,0,1,1,1,1,1,0,1,1,1,1,1,0,1,0
268,11510,0,1,1,1,0,1,0,1,1,1,0,0,1,1,1,1,0,1,0
268,11510,0,1,1,1,0,1,0,1,1,1,0,0,1,1,1,1,0,1,0
271,11513,0,1,1,1,0,1,1,1,1,1,0,1,1,1,1,1,0,1,0
273,2310,1,0,1,0,0,0,0,0,0,0,0,0,0,0,0,0,0,1,0
275,11517,0,1,1,1,1,1,1,1,1,1,0,1,1,1,1,1,0,1,0
277,11405,1,1,1,1,0,0,0,0,0,1,0,0,1,1,1,1,0,1,0
278,11516,0,1,1,1,0,1,1,1,1,1,0,1,1,1,1,1,0,1,0
279,11046,1,1,1,0,0,0,0,0,0,0,0,0,1,0,0,1,0,1,0
279,11046,1,1,1,0,0,0,0,0,0,0,0,0,1,0,0,1,0,1,0
282,12713,0,1,1,1,1,1,1,1,1,1,0,1,0,1,1,1,0,1,0
284,12713,0,1,1,1,1,1,1,1,1,1,0,1,0,1,1,1,0,1,0
284,12713,0,1,1,1,1,1,1,1,1,1,0,1,0,1,1,1,0,1,0
285,11040,1,1,1,0,0,0,0,0,0,0,0,0,1,0,0,1,0,1,0
286,4622,1,1,1,0,0,0,0,0,0,0,0,0,0,0,0,0,0,1,0
292,11514,0,1,1,1,0,1,1,1,1,1,0,1,1,1,1,1,0,1,0
292,11514,0,1,1,1,0,1,1,1,1,1,0,1,1,1,1,1,0,1,0
295,11056,1,1,1,0,0,0,0,0,0,0,0,0,1,0,0,0,0,1,0
297,11395,0,1,1,1,0,1,1,1,1,1,0,1,1,1,1,1,0,1,0
300,10270,0,1,1,1,0,1,1,1,1,1,0,1,0,1,1,1,0,1,0
301,10270,0,1,1,1,1,1,1,1,1,1,0,1,0,1,1,1,0,1,0
332,10917,1,1,1,0,0,0,0,0,0,0,0,0,0,0,0,0,0,1,0
333,10340,0,1,1,1,0,1,1,1,1,1,0,1,0,1,1,1,0,1,0
337,11552,0,1,1,1,0,1,1,1,1,1,0,1,0,1,1,1,0,1,0
345,11663,1,1,1,0,0,0,0,0,0,0,0,0,0,0,0,0,0,1,0
350,10801,1,1,1,0,0,0,0,0,0,0,0,0,0,0,0,0,0,1,0
353,11553,0,1,1,1,0,1,1,0,1,1,0,1,0,0,1,1,0,1,0
356,11034,1,1,1,0,0,0,0,0,0,0,0,0,0,0,0,0,0,1,0
357,5097,1,1,1,0,0,0,0,0,0,0,0,0,0,0,0,0,0,1,0
357,5097,1,1,1,0,0,0,0,0,0,0,0,0,0,0,0,0,0,1,0
359,11529,0,1,1,1,0,0,0,0,1,0,0,1,0,0,1,1,0,1,0
370,11487,1,1,1,1,0,0,0,0,0,0,0,0,0,0,0,0,0,1,0
374,4906,1,0,1,0,0,0,0,0,0,0,0,0,0,0,0,0,0,1,0
374,4906,1,0,1,0,0,0,0,0,0,0,0,0,0,0,0,0,0,1,0
379,11879,1,1,1,1,0,0,0,0,0,0,0,0,0,0,0,0,0,1,0
380,11551,0,1,1,1,0,1,1,0,1,1,0,1,0,0,1,1,0,1,0
381,10235,0,1,1,1,0,1,1,0,1,1,0,1,0,0,1,0,0,1,0
382,11654,1,1,1,0,0,0,0,0,0,0,0,0,0,0,0,0,0,1,0
386,10221,0,1,1,1,0,1,1,0,1,0,0,1,0,0,1,0,0,1,0
387,11642,1,1,1,0,0,0,0,0,0,0,0,0,0,0,0,0,0,1,0
388,12775,0,1,0,1,0,1,1,0,1,1,0,1,0,0,1,0,0,1,0
391,11561,0,1,1,1,0,0,0,0,0,0,0,1,0,0,1,0,0,1,0
399,153,1,1,1,0,0,0,0,0,0,0,0,0,0,0,0,0,0,1,0
402,11880,1,1,1,0,0,0,0,0,0,0,0,0,0,0,0,0,0,1,0
415,11715,1,1,1,0,0,0,0,0,0,0,0,0,0,0,0,0,0,1,0
419,5110,1,0,1,0,0,0,0,0,0,0,0,0,0,0,0,0,0,1,0
420,5110,1,0,1,0,0,0,0,0,0,0,0,0,0,0,0,0,0,1,0
421,5070,1,0,1,0,0,0,0,0,0,0,0,0,0,0,0,0,0,1,0
425,350,1,1,1,0,0,0,0,0,0,0,0,0,0,0,0,0,0,1,0
428,11630,1,1,1,0,0,0,0,0,0,0,0,0,0,0,0,0,0,1,0
436,11956,0,1,1,1,0,0,0,0,0,0,0,1,0,0,0,0,0,1,0
439,10381,0,1,1,1,0,0,0,0,0,0,0,1,0,0,0,0,0,1,0
451,11640,1,1,1,0,0,0,0,0,0,0,0,0,0,0,0,0,0,1,0
451,11640,1,1,1,0,0,0,0,0,0,0,0,0,0,0,0,0,0,1,0
454,11707,1,1,1,0,0,0,0,0,0,0,0,0,0,0,0,0,0,1,0
454,11707,1,1,1,0,0,0,0,0,0,0,0,0,0,0,0,0,0,1,0
461,5038,1,0,1,0,0,0,0,0,0,0,0,0,0,0,0,0,0,1,0
463,11684,1,1,1,0,0,0,0,0,0,0,0,0,0,0,0,0,0,1,0
467,11957,0,1,1,1,0,0,0,0,0,0,0,1,0,0,0,0,0,1,0
468,11868,0,1,1,1,0,0,0,0,0,0,0,0,0,0,0,0,0,1,0
469,4722,0,0,1,0,0,0,0,0,0,0,0,0,0,0,0,0,0,1,0
474,10215,0,1,0,1,0,0,0,0,1,0,0,1,0,0,0,0,0,1,0
475,5127,1,1,1,0,0,0,0,0,0,0,0,0,0,0,0,0,0,1,0
478,5018,0,0,1,0,0,0,0,0,0,0,0,0,0,0,0,0,0,1,0
488,11944,0,1,1,1,0,0,0,0,0,0,0,1,0,0,0,0,0,1,0
488,11944,0,1,1,1,0,0,0,0,0,0,0,1,0,0,0,0,0,1,0
489,5022,0,0,1,0,0,0,0,0,0,0,0,0,0,0,0,0,0,1,0
490,11938,0,1,1,1,0,0,0,0,0,0,0,0,0,0,0,0,0,1,0
491,5060,0,0,1,0,0,0,0,0,0,0,0,0,0,0,0,0,0,1,0
493,4719,0,0,1,0,0,0,0,0,0,0,0,0,0,0,0,0,0,1,0
493,4719,0,0,1,0,0,0,0,0,0,0,0,0,0,0,0,0,0,1,0
499,127,0,1,1,0,0,0,0,0,0,0,0,0,0,0,0,0,0,1,0
502,14276,0,1,0,1,0,0,1,0,1,0,0,1,0,0,0,0,0,1,0
503,4677,0,0,1,0,0,0,0,0,0,0,0,0,0,0,0,0,0,1,0
508,11693,0,1,1,0,0,0,0,0,0,0,0,0,0,0,0,0,0,1,0
518,11964,0,1,1,0,0,0,0,0,0,0,0,0,0,0,0,0,0,1,0
520,11843,0,1,0,0,0,0,0,0,0,0,0,0,0,0,0,0,0,1,0
527,11982,0,1,0,0,0,0,0,0,0,0,0,0,0,0,0,0,0,1,0
530,14321,0,1,0,1,0,0,0,0,0,0,0,1,0,0,0,0,0,1,0
534,5161,0,0,0,0,0,0,0,0,0,0,0,0,0,0,0,0,0,1,0
535,11967,0,1,0,0,0,0,0,0,0,0,0,1,0,0,0,0,0,1,0
540,11999,0,1,0,0,0,0,0,0,0,0,0,0,0,0,0,0,0,1,0
540,11999,0,1,0,0,0,0,0,0,0,0,0,0,0,0,0,0,0,1,0
545,10229,0,1,0,0,0,0,0,0,0,0,0,1,0,0,0,0,0,1,0
548,14136,0,1,0,0,0,0,0,0,0,0,0,1,0,0,0,0,0,1,0
563,8000,0,0,0,0,1,1,0,1,1,1,0,0,0,1,1,1,1,1,1
564,88,0,0,0,0,1,1,0,1,1,1,0,0,0,1,1,1,1,1,1
571,7904,0,0,0,0,1,1,0,1,1,1,0,0,0,1,1,1,1,1,1
572,8050,0,0,0,0,1,1,0,1,1,1,0,0,0,1,1,1,1,1,1
573,292,0,0,0,0,1,1,0,1,1,1,0,0,0,1,1,1,1,1,1
579,12286,0,1,0,0,1,1,1,1,1,1,0,0,0,1,1,1,1,1,1
580,211,0,0,0,0,1,1,0,1,1,1,0,0,0,1,1,1,1,1,1
581,136,0,0,0,0,1,1,1,1,1,1,0,0,0,1,1,0,1,1,1
584,403,0,0,0,0,1,1,1,1,1,1,0,0,0,1,1,1,1,1,1
588,12174,0,0,0,0,1,1,1,1,1,1,0,0,0,1,1,0,1,1,1
593,12306,0,1,0,1,1,1,1,1,1,1,0,0,0,1,1,1,1,1,1
604,12160,0,0,0,0,1,1,1,1,1,1,0,0,0,1,1,0,1,1,1
616,12438,0,1,0,1,1,1,1,1,1,1,0,0,0,1,1,1,1,1,1
621,12444,0,1,0,1,1,1,1,1,1,1,0,0,0,1,1,1,1,1,1
635,12428,0,1,0,1,1,1,1,1,1,1,0,1,0,1,1,1,1,1,1
637,13213,0,0,0,0,1,1,1,1,1,1,0,1,0,1,1,0,1,1,0
644,12466,0,1,0,1,1,1,1,1,1,1,0,1,0,1,1,1,1,1,1
647,13098,0,0,0,0,1,1,1,1,1,1,0,1,0,1,1,0,1,1,0
649,12289,0,1,0,1,1,1,1,1,1,1,0,1,0,1,1,1,1,1,1
653,12452,0,1,0,1,1,1,1,1,1,1,0,1,0,1,1,1,1,1,1
653,12452,0,1,0,1,1,1,1,1,1,1,0,1,0,1,1,1,1,1,1
654,13145,0,0,0,0,1,1,1,1,1,1,0,1,0,1,1,0,1,1,0
655,13231,0,1,0,1,1,1,1,1,1,1,0,1,0,1,1,0,1,1,0
659,12475,0,1,0,1,1,1,1,1,1,1,0,1,0,1,1,1,1,1,1
659,12475,0,1,0,1,1,1,1,1,1,1,0,1,0,1,1,1,1,1,1
667,12256,0,1,0,1,1,1,1,1,1,1,0,1,0,1,1,1,1,1,1
668,12397,0,1,0,1,1,1,1,1,1,1,0,1,0,1,1,1,1,1,1
670,13234,0,0,0,0,1,1,1,1,1,1,0,1,0,1,1,0,1,1,0
671,12288,0,1,0,1,1,1,1,1,1,1,0,1,0,1,1,1,1,1,1
679,12518,0,1,0,1,1,1,1,1,1,1,0,1,0,1,1,1,1,1,1
684,13138,0,1,0,1,1,1,1,1,1,1,0,1,0,1,1,0,1,1,0
684,13138,0,1,0,1,1,1,1,1,1,1,0,1,0,1,1,0,1,1,0
691,13370,0,0,0,0,1,1,1,1,1,1,0,1,0,1,1,0,1,1,0
693,12399,0,1,0,1,1,1,1,1,1,1,0,1,0,1,1,1,1,1,1
696,13088,0,1,0,1,1,1,1,1,1,1,0,1,0,1,1,0,1,1,0
697,13272,0,1,0,1,1,1,1,1,1,1,0,1,0,1,1,0,1,1,0
697,13272,0,1,0,1,1,1,1,1,1,1,0,1,0,1,1,0,1,1,0
699,13236,0,1,0,1,1,1,1,1,1,1,0,1,0,1,1,0,1,1,0
701,13268,0,1,0,1,1,1,1,1,1,1,0,1,0,1,1,0,1,1,0
707,12275,0,1,0,1,1,1,1,1,1,1,0,1,0,1,1,1,1,1,1
708,12334,0,1,0,1,1,1,1,1,1,1,0,1,0,1,1,1,1,1,1
720,13375,0,1,0,0,1,1,1,1,1,1,0,1,0,0,1,0,1,1,0
725,12206,0,1,0,1,1,1,1,1,1,1,0,1,0,1,1,1,1,1,0
731,13264,0,1,0,1,1,1,1,1,1,1,0,1,0,1,1,0,1,1,0
736,13087,0,1,0,1,1,1,1,1,1,1,0,1,0,1,1,0,1,1,0
738,13389,0,0,0,0,1,1,1,1,1,1,0,1,0,0,1,0,1,1,0
740,13262,0,1,0,1,1,1,1,1,1,1,0,1,0,1,1,0,1,1,0
744,13122,0,1,0,1,1,1,1,1,1,1,0,1,0,1,1,0,1,1,0
750,12487,0,1,0,1,1,1,1,1,1,1,0,1,0,1,1,1,1,1,0
754,12491,0,1,0,1,1,1,1,1,1,1,0,1,0,1,1,1,1,1,0
756,12277,0,1,0,1,1,1,1,1,1,1,0,1,0,1,1,1,1,1,1
759,13300,0,1,0,1,1,1,1,1,1,1,0,1,0,1,1,0,1,1,0
760,13301,0,1,0,1,1,1,1,1,1,1,0,1,0,1,1,0,1,1,0
777,13317,0,1,0,1,1,1,1,1,1,1,0,1,0,1,1,0,1,1,0
778,13317,0,1,0,1,1,1,1,1,1,1,0,1,0,1,1,0,1,1,0
787,13318,0,1,0,1,1,1,1,1,1,1,0,1,0,1,1,0,1,1,0
791,13469,0,0,0,0,1,1,1,1,1,1,0,1,0,0,1,0,0,1,0
792,13310,0,1,0,1,1,1,1,1,1,1,0,1,0,1,1,0,1,1,0
795,12267,0,1,0,1,1,1,1,1,1,1,0,1,0,1,1,1,1,1,1
796,13128,0,1,0,1,1,1,1,1,1,1,0,1,0,1,1,0,1,1,0
800,12550,0,1,0,1,1,1,1,1,1,1,0,1,0,1,1,1,1,1,0
813,13404,0,1,0,1,1,1,1,1,1,1,0,1,0,0,1,0,1,1,0
813,13404,0,1,0,1,1,1,1,1,1,1,0,1,0,0,1,0,1,1,0
813,13404,0,1,0,1,1,1,1,1,1,1,0,1,0,0,1,0,1,1,0
820,13412,0,1,0,1,1,1,1,1,1,1,0,1,0,0,1,0,1,1,0
821,13256,0,1,0,1,1,1,1,1,1,1,0,1,0,1,1,0,1,1,0
823,13456,0,0,0,0,1,1,1,1,1,1,0,1,0,0,1,0,0,1,0
823,13456,0,0,0,0,1,1,1,1,1,1,0,1,0,0,1,0,0,1,0
834,13260,0,1,0,1,1,1,1,1,1,1,0,1,0,1,1,0,1,1,0
844,13322,0,1,0,1,1,1,1,1,1,1,0,1,0,1,1,0,1,1,0
852,12229,0,1,0,1,1,1,1,1,1,1,0,1,0,1,1,0,1,1,0
852,12229,0,1,0,1,1,1,1,1,1,1,0,1,0,1,1,0,1,1,0
855,13286,0,1,0,1,1,1,1,1,1,1,0,1,0,1,1,0,1,1,0
872,13132,0,0,0,0,1,1,1,1,1,1,0,1,0,0,1,0,0,1,0
875,13457,0,0,0,0,1,1,1,1,1,1,0,1,0,0,1,0,0,1,0
876,13283,0,1,0,1,1,1,1,1,1,1,0,1,0,1,1,0,1,1,0
888,12617,0,1,0,1,1,1,1,1,1,1,0,1,0,1,1,1,1,1,0
890,13334,0,1,0,1,1,1,1,1,1,1,0,1,0,1,1,0,1,1,0
898,13459,0,0,0,0,1,1,1,1,1,1,0,1,0,0,1,0,0,1,0
907,12718,0,1,0,1,1,1,1,1,1,1,0,1,0,1,1,1,1,1,0
912,13338,0,1,0,1,1,1,1,1,1,1,0,1,0,1,1,0,1,1,0
921,13402,0,1,0,1,1,1,1,1,1,1,0,1,0,0,1,0,0,1,0
921,13402,0,1,0,1,1,1,1,1,1,1,0,1,0,0,1,0,0,1,0
923,13402,0,1,0,1,1,1,1,1,1,1,0,1,0,0,1,0,0,1,0
924,13244,0,1,0,1,1,1,1,1,1,1,0,1,0,1,1,0,1,1,0
925,13244,0,1,0,1,1,1,1,1,1,1,0,1,0,1,1,0,1,1,0
928,13136,0,1,0,1,1,1,1,1,1,1,0,1,0,1,1,0,1,1,0
929,13407,0,1,0,1,1,1,1,1,1,1,0,1,0,0,1,0,0,1,0
932,13407,0,1,0,1,1,1,1,1,1,1,0,1,0,0,1,0,0,1,0
936,13439,0,1,0,1,1,1,1,1,1,1,0,1,0,0,1,0,1,1,0
937,13279,0,1,0,1,1,1,1,1,1,1,0,1,0,1,1,0,1,1,0
943,13329,0,1,0,1,1,1,1,1,1,1,0,1,0,1,1,0,1,1,0
944,13292,0,1,0,1,1,1,1,1,1,1,0,1,0,1,1,0,1,1,0
948,12860,0,1,0,1,1,1,1,1,1,1,0,1,0,1,1,1,1,1,0
949,10191,0,1,0,1,1,1,1,1,1,1,0,1,0,0,1,0,0,1,0
950,10191,0,1,0,1,1,1,1,1,1,1,0,1,0,0,1,0,0,1,0
950,10191,0,1,0,1,1,1,1,1,1,1,0,1,0,0,1,0,0,1,0
969,12137,0,1,0,1,1,1,1,1,1,1,0,1,0,1,1,0,1,1,0
971,12137,0,1,0,1,1,1,1,1,1,1,0,1,0,1,1,0,1,1,0
974,12147,0,1,0,1,1,1,1,1,1,1,0,1,0,1,1,0,1,1,0
977,13410,0,1,0,1,1,1,1,1,1,1,0,1,0,0,1,0,0,1,0
981,13481,0,1,0,1,1,1,1,1,1,1,0,1,0,0,1,0,0,1,0
1002,13120,0,1,0,1,1,1,1,1,1,1,0,1,0,0,1,0,1,1,0
1002,13120,0,1,0,1,1,1,1,1,1,1,0,1,0,0,1,0,1,1,0
1004,13630,0,1,0,1,1,1,1,1,1,1,0,1,0,1,1,0,1,1,0
1011,13550,0,1,0,1,1,1,1,1,1,1,0,1,0,1,1,0,1,1,0
1020,13548,0,1,0,1,1,1,1,1,1,1,0,1,0,1,1,0,0,1,0
1027,12145,0,1,0,1,1,1,1,1,1,1,0,1,0,1,1,0,0,1,0
1027,12145,0,1,0,1,1,1,1,1,1,1,0,1,0,1,1,0,0,1,0
1028,12145,0,1,0,1,1,1,1,1,1,1,0,1,0,1,1,0,0,1,0
1050,13928,0,1,0,1,1,1,1,1,1,1,0,1,0,0,1,0,0,1,0
1051,13616,0,1,0,1,1,1,1,1,1,1,0,1,0,1,1,0,1,1,0
1051,13616,0,1,0,1,1,1,1,1,1,1,0,1,0,1,1,0,1,1,0
1061,13627,0,1,0,1,1,1,1,1,1,1,0,1,0,1,1,0,1,1,0
1062,12918,0,1,0,1,1,1,1,1,1,1,0,1,0,1,1,0,1,1,0
1064,12627,0,1,0,1,1,1,1,1,1,1,0,1,0,1,1,1,0,1,0
1071,13620,0,1,0,1,1,1,1,1,1,1,0,1,0,1,1,0,1,1,0
1075,13589,0,1,0,1,1,1,1,1,1,1,0,1,0,1,1,0,0,1,0
1090,13581,0,1,0,1,1,1,1,1,1,1,0,1,0,1,1,0,0,1,0
1092,13691,0,1,0,1,1,1,1,1,1,1,0,1,0,0,1,0,0,1,0
1093,13635,0,1,0,1,1,1,1,1,1,1,0,1,0,1,1,0,0,1,0
1096,12826,0,1,0,1,1,1,1,1,1,1,0,1,0,1,1,0,0,1,0
1097,13634,0,1,0,1,1,1,1,1,1,1,0,1,0,1,1,0,0,1,0
1102,12894,0,1,0,1,1,1,1,1,1,1,0,1,0,1,1,1,0,1,0
1109,12940,0,1,0,1,1,1,1,1,1,1,0,1,0,1,1,0,0,1,0
1112,13562,0,1,0,1,1,1,1,1,1,1,0,1,0,0,1,0,0,1,0
1117,12831,0,1,0,1,1,1,1,1,1,1,0,1,0,1,1,0,0,1,0
1119,12929,0,1,0,1,1,1,1,1,1,1,0,1,0,1,1,0,0,1,0
1120,12929,0,1,0,1,1,1,1,1,1,1,0,1,0,1,1,0,0,1,0
1138,12947,0,1,0,1,1,1,1,1,1,1,0,1,0,1,1,0,0,1,0
1151,13660,0,1,0,1,1,1,1,1,1,1,0,1,0,1,1,0,0,1,0
1152,13660,0,1,0,1,1,1,1,1,1,1,0,1,0,0,1,0,0,1,0
1159,12681,0,1,0,1,1,1,1,1,1,1,0,1,0,1,1,1,0,1,0
1160,13586,0,1,0,1,1,1,1,1,1,1,0,1,0,0,1,0,0,1,0
1170,12676,0,1,0,1,1,1,1,1,1,1,0,1,0,1,1,1,0,1,0
1170,12676,0,1,0,1,1,1,1,1,1,1,0,1,0,1,1,1,0,1,0
1182,13744,0,1,0,1,1,1,1,1,1,1,0,1,0,0,1,0,0,1,0
1186,13672,0,1,0,1,1,1,1,1,1,1,0,1,0,0,1,0,0,1,0
1189,13672,0,1,0,1,1,1,1,1,1,1,0,1,0,0,1,0,0,1,0
1190,13753,0,1,0,1,1,1,1,1,1,1,0,1,0,0,1,0,0,1,0
1193,13558,0,1,0,1,1,1,1,1,1,1,0,1,0,0,1,0,0,1,0
1201,13743,0,1,0,1,1,1,1,1,1,1,0,1,0,0,1,0,0,1,0
1204,13653,0,1,0,1,1,1,1,1,1,1,0,1,0,0,1,0,0,1,0
1206,12801,0,1,0,1,1,1,1,1,1,1,0,1,0,1,1,1,0,1,0
1225,13658,0,1,0,1,1,1,1,1,1,1,0,1,0,0,1,0,0,1,0
1229,13574,0,1,0,1,1,1,1,1,1,1,0,1,0,0,1,0,0,1,0
1229,13574,0,1,0,1,1,1,1,1,1,1,0,1,0,0,1,0,0,1,0
1237,12950,0,1,0,1,1,1,1,1,1,1,0,1,0,0,1,0,0,1,0
1238,13737,0,1,0,1,1,1,1,1,1,1,0,1,0,0,1,0,0,1,0
1238,13737,0,1,0,1,1,1,1,1,1,1,0,1,0,0,1,0,0,1,0
1245,13738,0,1,0,1,1,1,1,1,1,1,0,1,0,0,1,0,0,1,0
1245,13738,0,1,0,1,1,1,1,1,1,1,0,1,0,0,1,0,0,1,0
1246,13738,0,1,0,1,1,1,1,1,1,1,0,1,0,0,1,0,0,1,0
1248,13745,0,1,0,1,1,1,1,1,1,1,0,1,0,0,1,0,0,1,0
1252,12925,0,1,0,1,1,1,1,1,1,1,0,1,0,0,1,0,0,1,0
1253,13541,0,1,0,1,1,1,1,1,1,1,0,1,0,0,1,0,0,1,0
1253,13541,0,1,0,1,1,1,1,1,1,1,0,1,0,0,1,0,0,1,0
1255,13059,0,1,0,1,1,1,1,1,1,1,0,1,0,0,1,0,0,1,0
1264,13053,0,1,0,1,1,1,1,1,1,1,0,1,0,0,1,0,0,1,0
1273,13805,0,1,0,1,1,1,1,1,1,1,0,1,0,0,1,0,0,1,0
1277,13507,0,1,0,1,1,1,1,1,1,1,0,1,0,0,1,0,0,1,0
1278,13507,0,1,0,1,1,1,1,1,1,1,0,1,0,0,1,0,0,1,0
1286,13854,0,1,0,1,1,1,1,1,1,1,0,1,0,0,1,0,0,1,0
1287,13846,0,1,0,1,1,1,1,1,1,1,0,1,0,0,1,0,0,1,0
1292,13943,0,1,0,1,1,1,1,1,1,1,0,1,0,0,0,0,0,1,0
1294,13531,0,1,0,1,1,1,1,1,1,1,0,1,0,0,1,0,0,1,0
1294,13531,0,1,0,1,1,1,1,1,1,1,0,1,0,0,1,0,0,1,0
1296,13845,0,1,0,1,1,1,1,1,1,1,0,1,0,0,1,0,0,1,0
1296,13845,0,1,0,1,1,1,1,1,1,1,0,1,0,0,1,0,0,1,0
1303,13787,0,1,0,1,1,1,1,1,1,1,0,1,0,0,1,0,0,1,0
1304,14035,0,1,0,1,1,1,1,1,1,1,0,1,0,0,0,0,0,1,0
1304,14035,0,1,0,1,1,1,1,1,1,1,0,1,0,0,0,0,0,1,0
1304,14035,0,1,0,1,1,1,1,1,1,1,0,1,0,0,0,0,0,1,0
1313,14043,0,1,0,1,1,1,1,1,1,1,0,1,0,0,0,0,0,1,0
1321,14049,0,1,0,1,1,1,1,0,1,1,0,1,0,0,0,0,0,1,0
1325,14030,0,1,0,1,1,1,1,0,1,1,0,1,0,0,0,0,0,1,0
1326,14032,0,1,0,1,1,1,1,0,1,1,0,1,0,0,0,0,0,1,0
1335,13540,0,1,0,1,1,1,1,0,1,1,0,1,0,0,0,0,0,1,0
1336,14079,0,1,0,1,1,1,1,0,1,1,0,1,0,0,0,0,0,1,0
1337,14079,0,1,0,1,1,1,1,0,1,1,0,1,0,0,0,0,0,1,0
1339,13538,0,1,0,1,1,1,1,0,1,1,0,1,0,0,0,0,0,1,0
1341,14011,0,1,0,1,1,1,1,0,1,1,0,1,0,0,0,0,0,1,0
1354,14078,0,1,0,1,1,1,1,0,1,1,0,1,0,0,0,0,0,1,0
1355,14078,0,1,0,1,1,1,1,0,1,1,0,1,0,0,0,0,0,1,0
1357,13906,0,1,0,1,1,1,1,0,1,1,0,1,0,0,0,0,0,1,0
1357,13906,0,1,0,1,1,1,1,0,1,1,0,1,0,0,0,0,0,1,0
1360,13520,0,1,0,1,1,1,1,0,1,1,0,1,0,0,0,0,0,1,0
1360,13520,0,1,0,1,1,1,1,0,1,1,0,1,0,0,0,0,0,1,0
1365,14060,0,1,0,1,1,1,1,0,1,1,0,1,0,0,0,0,0,1,0
1374,10267,0,1,0,1,1,1,1,0,1,1,0,1,0,0,0,0,0,1,0
1376,14104,0,1,0,1,1,1,1,0,1,1,0,1,0,0,0,0,0,1,0
1380,17025,0,1,0,0,1,1,1,0,1,1,0,1,0,0,0,0,0,1,0
1385,14076,0,1,0,1,1,1,1,0,1,1,0,1,0,0,0,0,0,1,0
1395,10294,0,1,0,1,1,1,1,0,1,1,0,1,0,0,0,0,0,1,0
1396,10294,0,1,0,1,0,1,1,0,1,1,0,1,0,0,0,0,0,1,0
1407,14731,0,1,0,1,0,1,1,0,1,1,0,1,0,0,0,0,0,1,0
1413,14106,0,1,0,1,0,1,1,0,1,1,0,1,0,0,0,0,0,1,0
1418,14642,0,1,0,1,0,1,1,0,1,1,0,1,0,0,0,0,0,1,0
1418,14642,0,1,0,1,0,1,1,0,1,1,0,1,0,0,0,0,0,1,0
1419,14642,0,1,0,1,0,1,1,0,1,1,0,1,0,0,0,0,0,1,0
1434,17048,0,1,0,0,0,0,1,0,1,1,0,1,0,0,0,0,0,1,0
1441,10014,0,1,0,1,0,0,1,0,1,1,0,1,0,0,0,0,0,1,0
1442,17033,0,1,0,1,0,0,1,0,1,1,0,1,0,0,0,0,0,1,0
1444,14688,0,1,0,1,0,1,1,0,1,1,0,1,0,0,0,0,0,1,0
1444,14688,0,1,0,1,0,1,1,0,1,1,0,1,0,0,0,0,0,1,0
1444,14688,0,1,0,1,0,1,1,0,1,1,0,1,0,0,0,0,0,1,0
1450,16410,0,1,0,0,0,0,1,0,1,1,0,1,0,0,0,0,0,1,0
1458,16409,0,1,0,0,0,0,1,0,1,1,0,1,0,0,0,0,0,1,0
1459,14856,0,1,0,1,0,1,1,0,1,1,0,1,0,0,0,0,0,1,0
1460,14856,0,1,0,1,0,0,1,0,1,1,0,1,0,0,0,0,0,1,0
1465,14679,0,1,0,1,0,1,1,0,1,1,0,1,0,0,0,0,0,1,0
1465,14679,0,1,0,1,0,1,1,0,1,1,0,1,0,0,0,0,0,1,0
1472,16892,0,1,0,0,0,0,1,0,1,1,0,1,0,0,0,0,0,1,0
1478,17094,0,0,0,0,0,0,1,0,1,1,0,1,0,0,0,0,0,1,0
1482,16363,0,0,0,0,0,0,1,0,1,1,0,1,0,0,0,0,0,1,0
1485,10102,0,1,0,1,0,0,1,0,1,1,0,1,0,0,0,0,0,1,0
1488,17092,0,0,0,0,0,0,1,0,1,1,0,1,0,0,0,0,0,1,0
1493,17598,0,1,0,1,0,0,1,0,1,1,0,1,0,0,0,0,0,1,0
1494,17598,0,1,0,0,0,0,1,0,1,1,0,1,0,0,0,0,0,1,0
1497,14857,0,1,0,1,0,0,1,0,1,1,0,1,0,0,0,0,0,1,0
1500,17743,0,0,0,0,0,0,1,0,1,1,0,1,0,0,0,0,0,1,0
1503,17623,0,1,0,0,0,0,1,0,1,1,0,1,0,0,0,0,0,1,0
1504,14748,0,1,0,1,0,0,1,0,1,1,0,1,0,0,0,0,0,1,0
1506,17104,0,0,0,0,0,0,0,0,1,0,0,1,0,0,0,0,0,1,0
1507,17104,0,0,0,0,0,0,0,0,1,0,0,1,0,0,0,0,0,1,0
1512,17749,0,0,0,0,0,0,0,0,1,1,0,1,0,0,0,0,0,1,0
1517,17744,0,0,0,0,0,0,1,0,1,1,0,1,0,0,0,0,0,1,0
1531,17725,0,0,0,0,0,0,0,0,1,0,0,1,0,0,0,0,0,1,0
1533,17741,0,1,0,0,0,0,1,0,1,0,0,1,0,0,0,0,0,1,0
1536,17593,0,1,0,0,0,0,1,0,1,1,0,1,0,0,0,0,0,1,0
1544,17738,0,0,0,0,0,0,0,0,1,0,0,1,0,0,0,0,0,1,0
1547,17756,0,0,0,0,0,0,0,0,1,0,0,1,0,0,0,0,0,1,0
1549,17578,0,1,0,0,0,0,1,0,1,0,0,1,0,0,0,0,0,1,0
1550,17580,0,1,0,0,0,0,1,0,1,0,0,1,0,0,0,0,0,1,0
1556,17615,0,1,0,0,0,0,1,0,1,0,0,1,0,0,0,0,0,1,0
1557,10008,0,1,0,0,0,0,1,0,1,0,0,1,0,0,0,0,0,1,0
1557,10008,0,1,0,0,0,0,1,0,1,0,0,1,0,0,0,0,0,1,0
1557,10008,0,1,0,0,0,0,1,0,1,0,0,1,0,0,0,0,0,1,0
1561,17635,0,1,0,0,0,0,1,0,1,0,0,1,0,0,0,0,0,1,0
1563,14858,0,1,0,1,0,0,1,0,1,0,0,1,0,0,0,0,0,1,0
1564,14858,0,1,0,1,0,0,1,0,1,0,0,1,0,0,0,0,0,1,0
1571,14751,0,1,0,1,0,0,0,0,1,0,0,1,0,0,0,0,0,1,0
1572,18114,0,0,0,0,0,0,0,0,1,0,0,1,0,0,0,0,0,1,0
1573,18114,0,0,0,0,0,0,0,0,1,0,0,1,0,0,0,0,0,1,0
1574,17608,0,1,0,0,0,0,1,0,1,0,0,1,0,0,0,0,0,1,0
1577,14662,0,1,0,1,0,0,1,0,1,0,0,1,0,0,0,0,0,1,0
1578,17632,0,1,0,0,0,0,0,0,1,0,0,1,0,0,0,0,0,1,0
1579,17722,0,0,0,0,0,0,0,0,1,0,0,1,0,0,0,0,0,1,0
1580,17605,0,1,0,0,0,0,1,0,1,0,0,1,0,0,0,0,0,1,0
1584,17673,0,1,0,0,0,0,1,0,1,0,0,1,0,0,0,0,0,1,0
1588,17637,0,1,0,0,0,0,0,0,1,0,0,1,0,0,0,0,0,1,0
1589,17637,0,1,0,0,0,0,0,0,1,0,0,1,0,0,0,0,0,1,0
1597,17489,0,0,0,0,0,0,0,0,1,0,0,1,0,0,0,0,0,1,0
1601,14930,0,1,0,0,0,0,0,0,1,0,0,1,0,0,0,0,0,1,0
1607,14776,0,1,0,0,0,0,0,0,1,0,0,1,0,0,0,0,0,1,0
1621,17709,0,1,0,0,0,0,0,0,1,0,0,1,0,0,0,0,0,1,0
1623,17692,0,1,0,0,0,0,0,0,1,0,0,1,0,0,0,0,0,1,0
1623,17692,0,1,0,0,0,0,0,0,1,0,0,1,0,0,0,0,0,1,0
1624,18106,0,0,0,0,0,0,0,0,1,0,0,1,0,0,0,0,0,1,0
1627,17516,0,0,0,0,0,0,0,0,1,0,0,1,0,0,0,0,0,1,0
1628,14829,0,1,0,0,0,0,0,0,0,0,0,1,0,0,0,0,0,1,0
1635,18076,0,0,0,0,0,0,0,0,1,0,0,1,0,0,0,0,0,1,0
1638,17790,0,0,0,0,0,0,0,0,1,0,0,1,0,0,0,0,0,1,0
1641,18126,0,0,0,0,0,0,0,0,1,0,0,1,0,0,0,0,0,0,0
1644,14845,0,1,0,0,0,0,0,0,0,0,0,1,0,0,0,0,0,1,0
1661,17797,0,0,0,0,0,0,0,0,1,0,0,1,0,0,0,0,0,1,0
1663,18130,0,0,0,0,0,0,0,0,0,0,0,1,0,0,0,0,0,1,0
1666,17777,0,0,0,0,0,0,0,0,1,0,0,1,0,0,0,0,0,1,0
1667,17786,0,0,0,0,0,0,0,0,1,0,0,1,0,0,0,0,0,1,0
1671,14231,0,1,0,0,0,0,0,0,0,0,1,1,0,0,0,0,0,1,0
1678,9978,0,1,0,0,0,0,0,0,0,0,1,1,0,0,0,0,0,1,0
1689,14122,0,1,0,0,0,0,0,0,0,0,1,1,0,0,0,0,0,1,0
1689,14122,0,1,0,0,0,0,0,0,0,0,1,1,0,0,0,0,0,1,0
1692,17649,0,1,0,0,0,0,0,0,0,0,1,1,0,0,0,0,0,1,0
1692,17649,0,1,0,0,0,0,0,0,0,0,1,1,0,0,0,0,0,1,0
1696,9941,0,1,0,0,0,0,0,0,0,0,1,1,0,0,0,0,0,1,0
1696,9941,0,1,0,0,0,0,0,0,0,0,1,1,0,0,0,0,0,1,0
1698,9942,0,1,0,0,0,0,0,0,0,0,1,1,0,0,0,0,0,1,0
1702,17783,0,0,0,0,0,0,0,0,0,0,0,1,0,0,0,0,0,1,0
1703,17778,0,0,0,0,0,0,0,0,0,0,0,1,0,0,0,0,0,1,0
1715,17799,0,0,0,0,0,0,0,0,0,0,0,1,0,0,0,0,0,1,0
1719,17868,0,1,0,0,0,0,0,0,0,0,1,1,0,0,0,0,0,1,0
1720,14983,0,1,0,0,0,0,0,0,0,0,1,1,0,0,0,0,0,1,0
1733,14957,0,1,0,0,0,0,0,0,0,0,1,1,0,0,0,0,0,1,0
1735,15049,0,1,0,0,0,0,0,0,0,0,1,1,0,0,0,0,0,1,0
1736,17459,0,0,0,0,0,0,0,0,0,0,1,1,0,0,0,0,0,1,0
1746,10137,0,1,0,0,0,0,0,0,0,0,1,1,0,0,0,0,0,1,0
1757,17883,0,0,0,0,0,0,0,0,0,0,1,1,0,0,0,0,0,1,0
1759,17919,0,0,0,0,0,0,0,0,0,0,1,1,0,0,0,0,0,1,0
1760,17850,0,0,0,0,0,0,0,0,0,0,1,1,0,0,0,0,0,1,0
1760,17850,0,0,0,0,0,0,0,0,0,0,1,1,0,0,0,0,0,1,0
1778,17920,0,0,0,0,0,0,0,0,0,0,1,1,0,0,0,0,0,1,0
1783,17816,0,0,0,0,0,0,0,0,0,0,1,1,0,0,0,0,0,1,0
1783,17816,0,0,0,0,0,0,0,0,0,0,1,1,0,0,0,0,0,1,0
1785,17983,0,0,0,0,0,0,0,0,0,0,1,1,0,0,0,0,0,1,0
1786,18050,0,0,0,0,0,0,0,0,0,0,1,1,0,0,0,0,0,0,0
1790,10188,0,0,0,0,0,0,0,0,0,0,1,1,0,0,0,0,0,1,0
1790,10188,0,0,0,0,0,0,0,0,0,0,1,1,0,0,0,0,0,1,0
1791,17985,0,0,0,0,0,0,0,0,0,0,1,1,0,0,0,0,0,1,0
1794,17926,0,0,0,0,0,0,0,0,0,0,1,1,0,0,0,0,0,1,0
1794,17926,0,0,0,0,0,0,0,0,0,0,1,1,0,0,0,0,0,1,0
1802,17508,0,0,0,0,0,0,0,0,0,0,1,1,0,0,0,0,0,0,0
1805,17942,0,0,0,0,0,0,0,0,0,0,1,1,0,0,0,0,0,1,0
1806,17943,0,0,0,0,0,0,0,0,0,0,1,1,0,0,0,0,0,1,0
1806,17943,0,0,0,0,0,0,0,0,0,0,1,1,0,0,0,0,0,1,0
1812,15155,0,0,0,0,0,0,0,0,0,0,1,1,0,0,0,0,0,1,0
1813,17947,0,0,0,0,0,0,0,0,0,0,1,1,0,0,0,0,0,1,0
1814,18004,0,0,0,0,0,0,0,0,0,0,1,1,0,0,0,0,0,0,0
1819,18230,0,0,0,0,0,0,0,0,0,0,1,1,0,0,0,0,0,0,0
1829,10041,0,0,0,0,0,0,0,0,0,0,1,1,0,0,0,0,0,0,0
1833,15164,0,0,0,0,0,0,0,0,0,0,1,1,0,0,0,0,0,1,0
1833,15164,0,0,0,0,0,0,0,0,0,0,1,1,0,0,0,0,0,1,0
1841,10150,0,0,0,0,0,0,0,0,0,0,1,0,0,0,0,0,0,0,0
1845,9965,0,0,0,0,0,0,0,0,0,0,1,1,0,0,0,0,0,0,0
1857,19662,0,0,0,0,0,0,0,0,0,0,1,0,0,0,0,0,0,0,0
1859,10020,0,0,0,0,0,0,0,0,0,0,1,1,0,0,0,0,0,0,0
1860,19694,0,0,0,0,0,0,0,0,0,0,1,0,0,0,0,0,0,0,0
1863,19695,0,0,0,0,0,0,0,0,0,0,1,0,0,0,0,0,0,0,0
1864,9990,0,0,0,0,0,0,0,0,0,0,1,0,0,0,0,0,0,0,0
1864,9990,0,0,0,0,0,0,0,0,0,0,1,0,0,0,0,0,0,0,0
1875,12980,0,1,0,1,1,1,1,1,1,1,0,1,0,0,1,0,0,1,0
1877,12999,0,1,0,1,1,1,1,1,1,1,0,1,0,0,1,0,0,1,0
1878,13058,0,1,0,1,1,1,1,1,1,1,0,1,0,0,1,0,0,1,0
1879,12638,0,1,0,1,1,1,1,1,1,1,0,1,0,0,1,0,0,1,0
1882,12184,0,1,0,1,1,1,1,1,1,1,0,1,0,0,1,0,0,1,0
1883,13013,0,1,0,1,1,1,1,1,1,1,0,1,0,0,1,0,0,1,0
1884,13013,0,1,0,1,1,1,1,1,1,1,0,1,0,0,1,0,0,1,0
1884,13013,0,1,0,1,1,1,1,1,1,1,0,1,0,0,1,0,0,1,0
1884,13013,0,1,0,1,1,1,1,1,1,1,0,1,0,0,1,0,0,1,0
1885,13013,0,1,0,1,1,1,1,1,1,1,0,1,0,0,1,0,0,1,0
1890,12977,0,1,0,1,1,1,1,1,1,1,0,1,0,0,1,0,0,1,0
1892,13803,0,1,0,1,1,1,1,1,1,1,0,1,0,0,1,0,0,1,0
1893,12956,0,1,0,1,1,1,1,1,1,1,0,1,0,0,1,0,0,1,0
1893,12956,0,1,0,1,1,1,1,1,1,1,0,1,0,0,1,0,0,1,0
1896,13850,0,1,0,1,1,1,1,1,1,1,0,1,0,0,1,0,0,1,0
1899,12963,0,1,0,1,1,1,1,1,1,1,0,1,0,0,1,0,0,1,0
1899,12963,0,1,0,1,1,1,1,1,1,1,0,1,0,0,1,0,0,1,0
1903,12978,0,1,0,1,1,1,1,1,1,1,0,1,0,0,1,0,0,1,0
1917,13865,0,1,0,1,1,1,1,1,1,1,0,1,0,0,1,0,0,1,0
1919,12960,0,1,0,1,1,1,1,1,1,1,0,1,0,0,1,0,0,1,0
1922,13809,0,1,0,1,1,1,1,1,1,1,0,1,0,0,1,0,0,1,0
1934,13014,0,1,0,1,0,1,1,0,1,1,0,1,0,0,1,0,0,1,0
1935,13815,0,1,0,1,1,1,1,1,1,1,0,1,0,0,1,0,0,1,0
1935,13815,0,1,0,1,1,1,1,1,1,1,0,1,0,0,1,0,0,1,0
1941,13786,0,1,0,1,1,1,1,1,1,1,0,1,0,0,1,0,0,1,0
1943,13034,0,1,0,1,0,1,1,0,1,1,0,1,0,0,1,0,0,1,0
1962,10240,0,1,0,1,1,1,1,0,1,1,0,1,0,0,1,0,0,1,0
1963,10240,0,1,0,1,1,1,1,0,1,1,0,1,0,0,1,0,0,1,0
1963,10240,0,1,0,1,1,1,1,0,1,1,0,1,0,0,1,0,0,1,0
1971,13831,0,1,0,1,1,1,1,0,1,1,0,1,0,0,0,0,0,1,0
1973,14392,0,1,0,1,0,1,1,0,1,1,0,1,0,0,0,0,0,1,0
1974,14392,0,1,0,1,0,1,1,0,1,1,0,1,0,0,0,0,0,1,0
1974,14392,0,1,0,1,0,1,1,0,1,1,0,1,0,0,0,0,0,1,0
1979,14394,0,1,0,1,0,1,1,0,1,1,0,1,0,0,0,0,0,1,0
1980,13839,0,1,0,1,1,1,1,0,1,1,0,1,0,0,0,0,0,1,0
1983,10359,0,1,0,1,1,1,1,0,1,1,0,1,0,0,0,0,0,1,0
1992,14113,0,1,0,1,0,1,1,0,1,1,0,1,0,0,0,0,0,1,0
1998,14710,0,1,0,1,0,1,1,0,1,1,0,1,0,0,0,0,0,1,0
2000,14709,0,1,0,1,0,1,1,0,1,1,0,1,0,0,0,0,0,1,0
2012,14399,0,1,0,1,0,1,1,0,1,0,0,1,0,0,0,0,0,1,0
2013,14695,0,1,0,1,0,1,1,0,1,1,0,1,0,0,0,0,0,1,0
2021,14353,0,1,0,1,0,0,1,0,1,0,0,1,0,0,0,0,0,1,0
2021,14353,0,1,0,1,0,0,1,0,1,0,0,1,0,0,0,0,0,1,0
2022,14404,0,1,0,1,0,1,1,0,1,0,0,1,0,0,0,0,0,1,0
2023,14720,0,1,0,1,0,1,1,0,1,1,0,1,0,0,0,0,0,1,0
2030,14724,0,1,0,1,0,1,1,0,1,1,0,1,0,0,0,0,0,1,0
2031,14682,0,1,0,1,0,1,1,0,1,1,0,1,0,0,0,0,0,1,0
2033,14388,0,1,0,1,0,0,1,0,1,0,0,1,0,0,0,0,0,1,0
2034,14388,0,1,0,1,0,0,1,0,1,0,0,1,0,0,0,0,0,1,0
2043,14138,0,1,0,1,0,0,1,0,1,0,0,1,0,0,0,0,0,1,0
2044,14410,0,1,0,1,0,0,0,0,1,0,0,1,0,0,0,0,0,1,0
2051,14407,0,1,0,1,0,0,0,0,0,0,0,1,0,0,0,0,0,1,0
2056,14788,0,1,0,1,0,0,0,0,1,0,0,1,0,0,0,0,0,1,0
2074,14513,0,1,0,0,0,0,0,0,0,0,0,1,0,0,0,0,0,1,0
2093,14988,0,1,0,0,0,0,0,0,0,0,1,1,0,0,0,0,0,1,0
2094,14987,0,1,0,0,0,0,0,0,0,0,1,1,0,0,0,0,0,1,0
2099,14448,0,1,0,0,0,0,0,0,0,0,0,1,0,0,0,0,0,1,0
2100,14448,0,1,0,0,0,0,0,0,0,0,0,1,0,0,0,0,0,1,0
2104,15004,0,1,0,0,0,0,0,0,0,0,1,1,0,0,0,0,0,1,0
2107,15006,0,1,0,0,0,0,0,0,0,0,1,1,0,0,0,0,0,1,0
2113,14605,0,1,0,0,0,0,0,0,0,0,0,0,0,0,0,0,0,1,0
2126,6507,0,0,0,0,0,0,0,0,0,0,0,0,0,0,0,0,0,1,1
2127,7450,0,0,0,0,0,0,0,0,0,0,0,0,0,0,0,0,0,1,1
2127,7450,0,0,0,0,0,0,0,0,0,0,0,0,0,0,0,0,0,1,1
2133,6501,0,0,0,0,0,0,0,0,0,0,0,0,0,0,0,0,0,1,1
2133,6501,0,0,0,0,0,0,0,0,0,0,0,0,0,0,0,0,0,1,1
2136,7461,0,0,0,0,0,0,0,0,0,0,0,0,0,0,0,0,0,1,1
2139,7415,0,0,0,0,0,0,0,0,0,0,0,0,0,0,0,0,0,1,1
2140,7415,0,0,0,0,0,0,0,0,0,0,0,0,0,0,0,0,0,1,1
2142,7415,0,0,0,0,0,0,0,0,0,0,0,0,0,0,0,0,0,1,1
2143,5876,0,0,0,0,0,0,0,0,0,0,0,0,0,0,0,0,0,1,1
2148,7454,0,0,0,0,0,0,0,0,0,0,0,0,0,0,0,0,0,1,1
2149,6988,0,0,0,0,0,0,0,0,0,0,0,0,0,0,0,0,0,1,1
2150,5891,0,0,0,0,0,0,0,0,0,0,0,0,0,0,0,0,0,1,1
2153,6979,0,0,0,0,0,0,0,0,0,0,0,0,0,0,0,0,0,1,1
2160,5951,0,0,0,0,0,0,0,0,0,0,0,0,0,0,0,0,0,1,1
2169,7058,0,0,0,0,0,0,0,0,0,0,0,0,0,0,0,0,0,1,1
2170,7094,0,0,0,0,0,0,0,0,0,0,0,0,0,0,0,0,0,1,1
2178,6713,0,0,0,0,0,0,0,0,0,0,0,0,0,0,0,0,0,1,1
2180,7782,0,0,0,0,0,0,0,0,0,0,0,0,0,0,0,0,0,1,1
2184,7808,0,0,0,0,0,0,0,0,0,0,0,0,0,0,0,0,0,1,1
2185,7057,0,0,0,0,0,0,0,0,0,0,0,0,0,0,0,0,0,1,1
2186,6706,0,0,0,0,0,0,0,0,0,0,0,0,0,0,0,0,0,1,1
2191,7040,0,0,0,0,0,0,0,0,0,0,0,0,0,0,0,0,0,1,1
2192,7080,0,0,0,0,0,0,0,0,0,0,0,0,0,0,0,0,0,1,1
2195,7038,0,0,0,0,0,0,0,0,0,0,0,0,0,0,0,0,0,1,1
2202,6859,0,0,0,0,0,0,0,0,0,0,0,0,0,0,0,0,0,1,1
2204,7139,0,0,0,0,0,0,0,0,0,0,0,0,0,0,0,0,1,1,1
2207,6919,0,0,0,0,0,0,0,0,0,0,0,0,0,0,0,0,1,1,1
2208,7069,0,0,0,0,0,0,0,0,0,0,0,0,0,0,0,0,1,1,1
2210,6877,0,0,0,0,0,0,0,0,0,0,0,0,0,0,0,0,0,1,1
2219,6834,0,0,0,0,0,0,0,0,0,0,0,0,1,0,0,0,0,1,1
2224,6596,0,0,0,0,0,0,0,0,0,1,0,0,0,1,0,0,1,1,1
2232,7805,0,0,0,0,0,0,0,0,0,0,0,0,0,0,0,0,0,1,1
2233,6847,1,0,0,0,0,0,0,0,0,0,0,0,1,0,0,0,0,1,1
2234,6832,1,0,1,0,0,0,0,0,0,0,0,0,1,0,0,0,0,1,1
2234,6832,1,0,1,0,0,0,0,0,0,0,0,0,1,0,0,0,0,1,1
2242,6848,1,0,0,0,0,0,0,0,0,0,0,0,1,0,0,1,0,1,1
2243,7824,0,0,0,0,0,0,0,0,0,1,0,0,0,0,0,0,1,1,1
2243,7824,0,0,0,0,0,0,0,0,0,1,0,0,0,0,0,0,1,1,1
2247,7201,0,0,0,0,0,0,0,0,0,0,0,0,0,1,0,1,1,1,1
2254,7748,0,0,0,0,0,0,0,0,0,1,0,0,0,1,0,0,1,1,1
2265,6742,1,0,1,0,0,0,0,0,0,0,0,0,1,1,0,1,0,1,1
2269,6747,1,0,1,0,0,0,0,0,0,0,0,0,1,0,0,1,0,1,1
2270,7203,0,0,0,0,0,0,0,0,0,1,0,0,0,1,0,1,1,1,1
2272,6743,1,0,1,0,0,0,0,0,0,0,0,0,1,1,0,1,0,1,1
2276,6766,1,0,1,0,0,0,0,0,0,0,0,0,1,0,0,1,0,1,1
2277,7240,0,0,0,0,0,0,0,0,0,1,0,0,0,1,0,0,1,1,1
2282,7180,0,0,1,0,0,0,0,0,0,0,0,0,1,1,0,1,1,1,1
2286,7176,0,0,0,0,0,0,0,0,0,1,0,0,0,1,0,1,1,1,1
2289,7257,0,0,0,0,0,0,0,0,0,1,0,0,0,1,0,1,1,1,1
2292,7261,0,0,0,0,0,0,0,1,0,1,0,0,0,1,1,1,1,1,1
2292,7261,0,0,0,0,0,0,0,1,0,1,0,0,0,1,1,1,1,1,1
2297,6746,1,0,1,0,0,0,0,0,0,0,0,0,1,1,0,1,0,1,1
2300,7192,0,0,0,0,0,0,0,0,0,1,0,0,1,1,0,1,1,1,1
2305,7937,0,0,0,0,0,0,0,1,0,1,0,0,0,1,1,1,1,1,1
2305,7937,0,0,0,0,0,0,0,1,0,1,0,0,0,1,1,1,1,1,1
2306,7316,0,0,0,0,0,0,0,1,0,1,0,0,0,1,1,1,1,1,1
2310,7325,0,0,0,0,0,0,0,1,0,1,0,0,0,1,1,1,1,1,1
2311,7264,0,0,0,0,0,0,0,1,0,1,0,0,1,1,1,1,1,1,1
2314,7301,0,0,0,0,0,0,0,1,0,1,0,0,1,1,1,1,1,1,1
2314,7301,0,0,0,0,0,0,0,1,0,1,0,0,1,1,1,1,1,1,1
2323,6895,1,0,1,0,0,0,0,0,0,0,0,0,1,1,0,1,0,1,1
2323,6895,1,0,1,0,0,0,0,0,0,0,0,0,1,1,0,1,0,1,1
2324,7291,0,0,0,0,0,0,0,1,0,1,0,0,1,1,1,1,1,1,1
2324,7291,0,0,0,0,0,0,0,1,0,1,0,0,1,1,1,1,1,1,1
2325,7291,0,0,0,0,0,0,0,1,0,1,0,0,1,1,1,1,1,1,1
2330,7334,0,0,0,0,0,0,0,1,0,1,0,0,1,1,1,1,1,1,1
2331,6913,1,0,1,0,0,0,0,0,0,0,0,0,1,1,0,1,1,1,1
2337,181,1,0,1,0,0,0,0,0,0,0,0,0,1,1,0,1,0,1,1
2337,181,1,0,1,0,0,0,0,0,0,0,0,0,1,1,0,1,0,1,1
2340,7293,0,0,0,0,0,0,0,1,0,1,0,0,1,1,1,1,1,1,1
2346,7268,0,0,0,0,0,0,0,1,0,1,0,0,1,1,1,1,1,1,1
2347,7950,0,0,0,0,0,0,0,1,1,1,0,0,0,1,1,1,1,1,1
2348,7927,0,0,0,0,0,0,0,1,1,1,0,0,0,1,1,1,1,1,1
2353,7228,1,0,1,0,0,0,0,0,0,1,0,0,1,1,1,1,1,1,1
2357,408,0,0,1,0,0,0,0,1,0,1,0,0,1,1,1,1,1,1,1
2358,7336,0,0,0,0,0,0,0,1,1,1,0,0,1,1,1,1,1,1,1
2365,7269,0,0,1,0,0,0,0,1,0,1,0,0,1,1,1,1,1,1,1
2367,7308,0,0,1,0,0,0,0,1,0,1,0,0,1,1,1,1,1,1,1
2380,156,1,0,1,0,0,0,0,1,0,1,0,0,1,1,1,1,1,1,1
2386,11117,1,0,1,0,0,0,0,0,0,1,0,0,1,1,1,1,1,1,1
2390,342,0,0,1,0,0,0,0,1,0,1,0,0,1,1,1,1,1,1,1
2394,7314,0,0,1,0,0,0,0,1,0,1,0,0,1,1,1,1,1,1,1
2407,11286,0,1,1,0,0,0,0,1,0,1,0,0,1,1,1,1,1,1,1
2407,11286,0,1,1,0,0,0,0,1,0,1,0,0,1,1,1,1,1,1,1
2413,10517,1,0,1,0,0,0,0,0,0,0,0,0,1,1,0,1,0,1,1
2426,10498,1,1,1,0,0,0,0,0,0,0,0,0,1,1,1,1,1,1,1
2428,11301,0,1,1,0,0,1,0,1,1,1,0,0,1,1,1,1,1,1,1
2429,11209,1,1,1,0,0,0,0,1,0,1,0,0,1,1,1,1,1,1,1
2439,10508,1,0,1,0,0,0,0,0,0,0,0,0,1,0,0,1,0,1,1
2441,87,0,0,0,0,1,1,0,1,1,1,0,0,0,1,1,1,1,1,1
2444,10203,0,1,0,0,1,1,0,1,1,1,0,0,1,1,1,1,1,1,1
2449,11154,1,1,1,0,0,0,0,0,0,1,0,0,1,1,1,1,1,1,1
2454,11093,1,1,1,0,0,0,0,1,0,1,0,0,1,1,1,1,1,1,1
2458,10538,1,1,1,0,0,0,0,0,0,0,0,0,1,1,1,1,0,1,1
2461,10519,1,1,1,0,0,0,0,0,0,0,0,0,1,1,1,1,0,1,1
2465,10641,1,0,1,0,0,0,0,0,0,0,0,0,1,0,0,1,0,1,1
2466,11183,1,1,1,0,0,0,0,0,0,1,0,0,1,1,1,1,1,1,1
2469,11290,1,1,1,0,0,0,0,1,0,1,0,0,1,1,1,1,1,1,1
2474,11296,0,1,1,0,1,1,0,1,1,1,0,0,1,1,1,1,1,1,1
2476,11157,1,1,1,0,0,0,0,0,0,1,0,0,1,1,1,1,1,1,1
2487,11310,0,1,1,0,1,1,0,1,1,1,0,0,1,1,1,1,1,1,1
2494,11271,0,1,1,0,0,1,0,1,1,1,0,0,1,1,1,1,1,1,1
2494,11271,0,1,1,0,0,1,0,1,1,1,0,0,1,1,1,1,1,1,1
2500,12297,0,1,0,0,1,1,0,1,1,1,0,0,1,1,1,1,1,1,1
2500,12297,0,1,0,0,1,1,0,1,1,1,0,0,1,1,1,1,1,1,1
2501,12301,0,1,1,0,1,1,0,1,1,1,0,0,1,1,1,1,1,1,1
2502,10408,1,1,1,0,0,0,0,0,0,0,0,0,1,1,1,1,1,1,1
2512,12324,0,1,1,1,1,1,0,1,1,1,0,0,1,1,1,1,1,1,1
2514,11241,1,1,1,0,0,0,0,0,0,1,0,0,1,1,1,1,1,1,1
2516,11308,0,1,1,1,1,1,0,1,1,1,0,0,1,1,1,1,1,1,1
2532,11259,1,1,1,0,0,0,0,1,0,1,0,0,1,1,1,1,1,1,1
2533,11259,1,1,1,0,0,0,0,1,0,1,0,0,1,1,1,1,1,1,1
2539,11085,1,1,1,1,0,1,0,1,1,1,0,0,1,1,1,1,1,1,1
2542,11359,0,1,1,1,1,1,0,1,1,1,0,0,1,1,1,1,1,1,1
2542,11359,0,1,1,1,1,1,0,1,1,1,0,0,1,1,1,1,1,1,1
2551,11097,1,1,1,1,0,1,0,1,1,1,0,0,1,1,1,1,1,1,1
2557,11223,1,1,1,0,0,0,0,0,0,1,0,0,1,1,1,1,1,1,1
2562,10197,0,1,1,1,1,1,1,1,1,1,0,0,1,1,1,1,1,1,1
2565,11345,0,1,1,1,0,1,0,1,1,1,0,0,1,1,1,1,1,1,1
2569,12365,0,1,1,1,1,1,1,1,1,1,0,0,1,1,1,1,1,1,1
2580,10308,0,1,1,1,1,1,1,1,1,1,0,0,1,1,1,1,1,1,1
2581,12368,0,1,1,1,1,1,1,1,1,1,0,0,1,1,1,1,1,1,1
2582,12377,0,1,1,1,1,1,1,1,1,1,0,0,1,1,1,1,1,1,1
2583,12347,0,1,0,1,1,1,1,1,1,1,0,0,1,1,1,1,1,1,1
2585,12336,0,1,0,1,1,1,1,1,1,1,0,1,1,1,1,1,1,1,1
2587,12355,0,1,0,1,1,1,1,1,1,1,0,1,0,1,1,1,1,1,1
2587,12355,0,1,0,1,1,1,1,1,1,1,0,1,0,1,1,1,1,1,1
2597,12730,0,1,0,1,1,1,1,1,1,1,0,1,0,1,1,1,0,1,0
2603,12782,0,1,0,1,1,1,1,1,1,1,0,1,0,0,1,0,0,1,0
2603,12782,0,1,0,1,1,1,1,1,1,1,0,1,0,0,1,0,0,1,0
2606,12666,0,1,0,1,1,1,1,1,1,1,0,1,0,0,1,0,0,1,0
2609,12808,0,1,0,1,0,1,1,0,1,1,0,1,0,0,1,0,0,1,0
2610,12809,0,1,0,1,0,1,1,0,1,1,0,1,0,0,1,0,0,1,0
2611,12817,0,1,0,1,0,1,1,0,1,1,0,1,0,0,1,0,0,1,0
2617,14296,0,1,0,1,0,1,1,0,1,1,0,1,0,0,1,0,0,1,0
2623,10368,0,1,0,0,0,0,0,0,0,0,0,0,0,0,0,0,0,1,0
2636,14538,0,1,0,0,0,0,0,0,0,0,0,0,0,0,0,0,0,1,0
2638,14518,0,1,0,0,0,0,0,0,0,0,0,0,0,0,0,0,0,1,0
2646,14519,0,1,0,0,0,0,0,0,0,0,0,0,0,0,0,0,0,1,0
2651,10119,0,1,0,0,0,0,0,0,0,0,1,0,0,0,0,0,0,1,0
2651,10119,0,1,0,0,0,0,0,0,0,0,1,0,0,0,0,0,0,1,0
2654,1947,1,0,1,0,0,0,0,0,0,0,0,0,1,0,0,0,0,1,1
2665,2023,1,0,1,0,0,0,0,0,0,0,0,0,0,0,0,0,0,1,1
2677,4240,1,0,1,0,0,0,0,0,0,0,0,0,1,0,0,0,0,1,1
2679,341,1,0,1,0,0,0,0,0,0,0,0,0,1,0,0,1,0,1,1
2684,337,1,0,1,0,0,0,0,0,0,0,0,0,1,0,0,1,0,1,1
2691,4237,1,0,1,0,0,0,0,0,0,0,0,0,1,0,0,0,0,1,1
2701,4122,1,0,1,0,0,0,0,0,0,0,0,0,1,0,0,0,0,1,1
2703,4239,1,0,1,0,0,0,0,0,0,0,0,0,1,0,0,0,0,1,1
2706,4158,1,0,1,0,0,0,0,0,0,0,0,0,1,0,0,0,0,1,0
2708,214,1,0,1,0,0,0,0,0,0,0,0,0,1,0,0,1,0,1,1
2712,4248,1,0,1,0,0,0,0,0,0,0,0,0,1,0,0,0,0,1,1
2725,4337,1,0,1,0,0,0,0,0,0,0,0,0,1,0,0,1,0,1,1
2728,4294,1,0,1,0,0,0,0,0,0,0,0,0,1,0,0,0,0,1,1
2728,4294,1,0,1,0,0,0,0,0,0,0,0,0,1,0,0,0,0,1,1
2731,4298,1,0,1,0,0,0,0,0,0,0,0,0,1,0,0,0,0,1,1
2735,4046,1,0,1,0,0,0,0,0,0,0,0,0,1,0,0,0,0,1,0
2742,4282,1,0,1,0,0,0,0,0,0,0,0,0,1,0,0,0,0,1,1
